updated_at,as_of,fixed_results,results_fingerprint,odds,team_id,team,group,top8,top4,final,title
2026-09-24T10:05:29+00:00,2026-09-06T13:00:00,0,4f53cda18c2baa0c,map model nn (trained through 2026-09-06),1034,NRG,D,0.60721,0.37937,0.22927,0.13192
2026-09-24T10:05:29+00:00,2026-09-06T13:00:00,0,4f53cda18c2baa0c,map model nn (trained through 2026-09-06),120,100 Thieves,A,0.65468,0.39941,0.23267,0.13052
2026-09-24T10:05:29+00:00,2026-09-06T13:00:00,0,4f53cda18c2baa0c,map model nn (trained through 2026-09-06),6961,LOUD,B,0.73948,0.4354,0.23982,0.12928
2026-09-24T10:05:29+00:00,2026-09-06T13:00:00,0,4f53cda18c2baa0c,map model nn (trained through 2026-09-06),11060,Nongshim RedForce,D,0.61824,0.38051,0.22406,0.1264
2026-09-24T10:05:29+00:00,2026-09-06T13:00:00,0,4f53cda18c2baa0c,map model nn (trained through 2026-09-06),14,T1,A,0.59895,0.33021,0.17271,0.08719
2026-09-24T10:05:29+00:00,2026-09-06T13:00:00,0,4f53cda18c2baa0c,map model nn (trained through 2026-09-06),11058,G2 Esports,C,0.5631,0.29862,0.15026,0.07445
2026-09-24T10:05:29+00:00,2026-09-06T13:00:00,0,4f53cda18c2baa0c,map model nn (trained through 2026-09-06),8877,Karmine Corp,D,0.60067,0.31096,0.15167,0.07095
2026-09-24T10:05:29+00:00,2026-09-06T13:00:00,0,4f53cda18c2baa0c,map model nn (trained through 2026-09-06),918,Global Esports,B,0.63054,0.31236,0.14656,0.06712
2026-09-24T10:05:29+00:00,2026-09-06T13:00:00,0,4f53cda18c2baa0c,map model nn (trained through 2026-09-06),624,Paper Rex,C,0.54728,0.27596,0.13177,0.06159
2026-09-24T10:05:29+00:00,2026-09-06T13:00:00,0,4f53cda18c2baa0c,map model nn (trained through 2026-09-06),474,Team Liquid,C,0.50031,0.244,0.11108,0.04864
2026-09-24T10:05:29+00:00,2026-09-06T13:00:00,0,4f53cda18c2baa0c,map model nn (trained through 2026-09-06),2059,Team Vitality,B,0.41827,0.15848,0.05782,0.02088
2026-09-24T10:05:29+00:00,2026-09-06T13:00:00,0,4f53cda18c2baa0c,map model nn (trained through 2026-09-06),731,TYLOO,C,0.38931,0.1502,0.0553,0.02075
2026-09-24T10:05:29+00:00,2026-09-06T13:00:00,0,4f53cda18c2baa0c,map model nn (trained through 2026-09-06),1184,FUT Esports,A,0.4206,0.14721,0.04996,0.0172
2026-09-24T10:05:29+00:00,2026-09-06T13:00:00,0,4f53cda18c2baa0c,map model nn (trained through 2026-09-06),13576,JD Gaming,A,0.32577,0.09031,0.02636,0.00793
2026-09-24T10:05:29+00:00,2026-09-06T13:00:00,0,4f53cda18c2baa0c,map model nn (trained through 2026-09-06),1120,EDward Gaming,B,0.21171,0.04782,0.01141,0.00285
2026-09-24T10:05:29+00:00,2026-09-06T13:00:00,0,4f53cda18c2baa0c,map model nn (trained through 2026-09-06),13581,Xi Lai Gaming,D,0.17388,0.03918,0.00928,0.00233
2026-09-25T01:10:05+00:00,2026-09-24T08:25:00,2,35f5843a89b54617,map model nn (trained through 2026-09-06),1034,NRG,D,0.62351,0.38983,0.2328,0.13259
2026-09-25T01:10:05+00:00,2026-09-24T08:25:00,2,35f5843a89b54617,map model nn (trained through 2026-09-06),11058,G2 Esports,C,0.81146,0.46422,0.2526,0.1322
2026-09-25T01:10:05+00:00,2026-09-24T08:25:00,2,35f5843a89b54617,map model nn (trained through 2026-09-06),6961,LOUD,B,0.74915,0.44036,0.24156,0.12996
2026-09-25T01:10:05+00:00,2026-09-24T08:25:00,2,35f5843a89b54617,map model nn (trained through 2026-09-06),120,100 Thieves,A,0.66743,0.40354,0.23259,0.12928
2026-09-25T01:10:05+00:00,2026-09-24T08:25:00,2,35f5843a89b54617,map model nn (trained through 2026-09-06),11060,Nongshim RedForce,D,0.61662,0.37393,0.2152,0.12
2026-09-25T01:10:05+00:00,2026-09-24T08:25:00,2,35f5843a89b54617,map model nn (trained through 2026-09-06),624,Paper Rex,C,0.78622,0.40254,0.19436,0.0896
2026-09-25T01:10:05+00:00,2026-09-24T08:25:00,2,35f5843a89b54617,map model nn (trained through 2026-09-06),14,T1,A,0.59729,0.32142,0.16267,0.08064
2026-09-25T01:10:05+00:00,2026-09-24T08:25:00,2,35f5843a89b54617,map model nn (trained through 2026-09-06),918,Global Esports,B,0.63627,0.30653,0.13849,0.0615
2026-09-25T01:10:05+00:00,2026-09-24T08:25:00,2,35f5843a89b54617,map model nn (trained through 2026-09-06),8877,Karmine Corp,D,0.58697,0.2842,0.12848,0.05607
2026-09-25T01:10:05+00:00,2026-09-24T08:25:00,2,35f5843a89b54617,map model nn (trained through 2026-09-06),474,Team Liquid,C,0.27308,0.12342,0.05216,0.02181
2026-09-25T01:10:05+00:00,2026-09-24T08:25:00,2,35f5843a89b54617,map model nn (trained through 2026-09-06),2059,Team Vitality,B,0.40402,0.14211,0.04819,0.01602
2026-09-25T01:10:05+00:00,2026-09-24T08:25:00,2,35f5843a89b54617,map model nn (trained through 2026-09-06),1184,FUT Esports,A,0.4111,0.13313,0.04234,0.01358
2026-09-25T01:10:05+00:00,2026-09-24T08:25:00,2,35f5843a89b54617,map model nn (trained through 2026-09-06),13576,JD Gaming,A,0.32418,0.08808,0.02541,0.00757
2026-09-25T01:10:05+00:00,2026-09-24T08:25:00,2,35f5843a89b54617,map model nn (trained through 2026-09-06),731,TYLOO,C,0.12924,0.04277,0.01378,0.00449
2026-09-25T01:10:05+00:00,2026-09-24T08:25:00,2,35f5843a89b54617,map model nn (trained through 2026-09-06),1120,EDward Gaming,B,0.21056,0.0457,0.01059,0.00261
2026-09-25T01:10:05+00:00,2026-09-24T08:25:00,2,35f5843a89b54617,map model nn (trained through 2026-09-06),13581,Xi Lai Gaming,D,0.1729,0.03822,0.00878,0.00208
2026-09-25T19:57:34+00:00,2026-09-25T07:25:00,4,4115db97d6a9c6fa,map model nn (trained through 2026-09-06),1034,NRG,D,0.85458,0.5842,0.3812,0.23545
2026-09-25T19:57:34+00:00,2026-09-25T07:25:00,4,4115db97d6a9c6fa,map model nn (trained through 2026-09-06),11058,G2 Esports,C,0.82399,0.47435,0.25698,0.13374
2026-09-25T19:57:34+00:00,2026-09-25T07:25:00,4,4115db97d6a9c6fa,map model nn (trained through 2026-09-06),8877,Karmine Corp,D,0.78841,0.46933,0.25857,0.13139
2026-09-25T19:57:34+00:00,2026-09-25T07:25:00,4,4115db97d6a9c6fa,map model nn (trained through 2026-09-06),120,100 Thieves,A,0.69202,0.41868,0.23661,0.12835
2026-09-25T19:57:34+00:00,2026-09-25T07:25:00,4,4115db97d6a9c6fa,map model nn (trained through 2026-09-06),6961,LOUD,B,0.76196,0.44373,0.23805,0.12318
2026-09-25T19:57:34+00:00,2026-09-25T07:25:00,4,4115db97d6a9c6fa,map model nn (trained through 2026-09-06),624,Paper Rex,C,0.76083,0.3502,0.14809,0.06016
2026-09-25T19:57:34+00:00,2026-09-25T07:25:00,4,4115db97d6a9c6fa,map model nn (trained through 2026-09-06),14,T1,A,0.56193,0.27498,0.12418,0.0557
2026-09-25T19:57:34+00:00,2026-09-25T07:25:00,4,4115db97d6a9c6fa,map model nn (trained through 2026-09-06),918,Global Esports,B,0.59596,0.24825,0.09685,0.03704
2026-09-25T19:57:34+00:00,2026-09-25T07:25:00,4,4115db97d6a9c6fa,map model nn (trained through 2026-09-06),11060,Nongshim RedForce,D,0.29297,0.14809,0.07089,0.0327
2026-09-25T19:57:34+00:00,2026-09-25T07:25:00,4,4115db97d6a9c6fa,map model nn (trained through 2026-09-06),474,Team Liquid,C,0.28498,0.12826,0.05306,0.02149
2026-09-25T19:57:34+00:00,2026-09-25T07:25:00,4,4115db97d6a9c6fa,map model nn (trained through 2026-09-06),2059,Team Vitality,B,0.43077,0.14539,0.04731,0.01541
2026-09-25T19:57:34+00:00,2026-09-25T07:25:00,4,4115db97d6a9c6fa,map model nn (trained through 2026-09-06),1184,FUT Esports,A,0.42229,0.13396,0.04137,0.01257
2026-09-25T19:57:34+00:00,2026-09-25T07:25:00,4,4115db97d6a9c6fa,map model nn (trained through 2026-09-06),13576,JD Gaming,A,0.32376,0.08312,0.02219,0.00609
2026-09-25T19:57:34+00:00,2026-09-25T07:25:00,4,4115db97d6a9c6fa,map model nn (trained through 2026-09-06),731,TYLOO,C,0.1302,0.04123,0.01267,0.0038
2026-09-25T19:57:34+00:00,2026-09-25T07:25:00,4,4115db97d6a9c6fa,map model nn (trained through 2026-09-06),1120,EDward Gaming,B,0.21131,0.04234,0.00869,0.00201
2026-09-25T19:57:34+00:00,2026-09-25T07:25:00,4,4115db97d6a9c6fa,map model nn (trained through 2026-09-06),13581,Xi Lai Gaming,D,0.06404,0.01389,0.00329,0.00092
2026-09-26T19:10:11+00:00,2026-09-26T08:30:00,6,4f9395705eed81c6,map model nn (trained through 2026-09-06),6961,LOUD,B,0.91787,0.63961,0.41507,0.25316
2026-09-26T19:10:11+00:00,2026-09-26T08:30:00,6,4f9395705eed81c6,map model nn (trained through 2026-09-06),1034,NRG,D,0.86051,0.57754,0.36438,0.2138
2026-09-26T19:10:11+00:00,2026-09-26T08:30:00,6,4f9395705eed81c6,map model nn (trained through 2026-09-06),120,100 Thieves,A,0.70291,0.41507,0.225,0.11657
2026-09-26T19:10:11+00:00,2026-09-26T08:30:00,6,4f9395705eed81c6,map model nn (trained through 2026-09-06),8877,Karmine Corp,D,0.80072,0.46766,0.24482,0.11647
2026-09-26T19:10:11+00:00,2026-09-26T08:30:00,6,4f9395705eed81c6,map model nn (trained through 2026-09-06),11058,G2 Esports,C,0.82938,0.4621,0.23795,0.11565
2026-09-26T19:10:11+00:00,2026-09-26T08:30:00,6,4f9395705eed81c6,map model nn (trained through 2026-09-06),624,Paper Rex,C,0.74812,0.31091,0.11845,0.04318
2026-09-26T19:10:11+00:00,2026-09-26T08:30:00,6,4f9395705eed81c6,map model nn (trained through 2026-09-06),14,T1,A,0.5433,0.24602,0.10074,0.04038
2026-09-26T19:10:11+00:00,2026-09-26T08:30:00,6,4f9395705eed81c6,map model nn (trained through 2026-09-06),2059,Team Vitality,B,0.6763,0.24108,0.08083,0.02632
2026-09-26T19:10:11+00:00,2026-09-26T08:30:00,6,4f9395705eed81c6,map model nn (trained through 2026-09-06),11060,Nongshim RedForce,D,0.27378,0.12647,0.05347,0.02237
2026-09-26T19:10:11+00:00,2026-09-26T08:30:00,6,4f9395705eed81c6,map model nn (trained through 2026-09-06),474,Team Liquid,C,0.29249,0.12043,0.04592,0.01823
2026-09-26T19:10:11+00:00,2026-09-26T08:30:00,6,4f9395705eed81c6,map model nn (trained through 2026-09-06),918,Global Esports,B,0.31434,0.11353,0.03851,0.01312
2026-09-26T19:10:11+00:00,2026-09-26T08:30:00,6,4f9395705eed81c6,map model nn (trained through 2026-09-06),1184,FUT Esports,A,0.43048,0.13256,0.03854,0.01109
2026-09-26T19:10:11+00:00,2026-09-26T08:30:00,6,4f9395705eed81c6,map model nn (trained through 2026-09-06),13576,JD Gaming,A,0.32331,0.07917,0.0196,0.00512
2026-09-26T19:10:11+00:00,2026-09-26T08:30:00,6,4f9395705eed81c6,map model nn (trained through 2026-09-06),731,TYLOO,C,0.13001,0.03709,0.0102,0.00297
2026-09-26T19:10:11+00:00,2026-09-26T08:30:00,6,4f9395705eed81c6,map model nn (trained through 2026-09-06),13581,Xi Lai Gaming,D,0.06499,0.01347,0.00306,0.00082
2026-09-26T19:10:11+00:00,2026-09-26T08:30:00,6,4f9395705eed81c6,map model nn (trained through 2026-09-06),1120,EDward Gaming,B,0.09149,0.01729,0.00346,0.00075
2026-09-27T19:42:15+00:00,2026-09-27T07:35:00,8,11f4e9faacdc36e8,map model nn (trained through 2026-09-06),120,100 Thieves,A,0.9182,0.63399,0.40814,0.24864
2026-09-27T19:42:15+00:00,2026-09-27T07:35:00,8,11f4e9faacdc36e8,map model nn (trained through 2026-09-06),6961,LOUD,B,0.91656,0.61963,0.37893,0.21711
2026-09-27T19:42:15+00:00,2026-09-27T07:35:00,8,11f4e9faacdc36e8,map model nn (trained through 2026-09-06),1034,NRG,D,0.86114,0.55951,0.33861,0.19015
2026-09-27T19:42:15+00:00,2026-09-27T07:35:00,8,11f4e9faacdc36e8,map model nn (trained through 2026-09-06),11058,G2 Esports,C,0.83555,0.45584,0.22916,0.10789
2026-09-27T19:42:15+00:00,2026-09-27T07:35:00,8,11f4e9faacdc36e8,map model nn (trained through 2026-09-06),8877,Karmine Corp,D,0.8071,0.44597,0.21874,0.09719
2026-09-27T19:42:15+00:00,2026-09-27T07:35:00,8,11f4e9faacdc36e8,map model nn (trained through 2026-09-06),624,Paper Rex,C,0.73265,0.27783,0.09703,0.03176
2026-09-27T19:42:15+00:00,2026-09-27T07:35:00,8,11f4e9faacdc36e8,map model nn (trained through 2026-09-06),2059,Team Vitality,B,0.68974,0.24306,0.07984,0.02502
2026-09-27T19:42:15+00:00,2026-09-27T07:35:00,8,11f4e9faacdc36e8,map model nn (trained through 2026-09-06),1184,FUT Esports,A,0.67059,0.23386,0.07431,0.02243
2026-09-27T19:42:15+00:00,2026-09-27T07:35:00,8,11f4e9faacdc36e8,map model nn (trained through 2026-09-06),11060,Nongshim RedForce,D,0.26578,0.10765,0.03987,0.01555
2026-09-27T19:42:15+00:00,2026-09-27T07:35:00,8,11f4e9faacdc36e8,map model nn (trained through 2026-09-06),474,Team Liquid,C,0.2985,0.11537,0.04064,0.01524
2026-09-27T19:42:15+00:00,2026-09-27T07:35:00,8,11f4e9faacdc36e8,map model nn (trained through 2026-09-06),14,T1,A,0.30388,0.11795,0.04181,0.01405
2026-09-27T19:42:15+00:00,2026-09-27T07:35:00,8,11f4e9faacdc36e8,map model nn (trained through 2026-09-06),918,Global Esports,B,0.30222,0.10276,0.03302,0.00981
2026-09-27T19:42:15+00:00,2026-09-27T07:35:00,8,11f4e9faacdc36e8,map model nn (trained through 2026-09-06),731,TYLOO,C,0.1333,0.03575,0.00916,0.00268
2026-09-27T19:42:15+00:00,2026-09-27T07:35:00,8,11f4e9faacdc36e8,map model nn (trained through 2026-09-06),13576,JD Gaming,A,0.10733,0.02177,0.00478,0.00113
2026-09-27T19:42:15+00:00,2026-09-27T07:35:00,8,11f4e9faacdc36e8,map model nn (trained through 2026-09-06),1120,EDward Gaming,B,0.09148,0.01697,0.00338,0.00077
2026-09-27T19:42:15+00:00,2026-09-27T07:35:00,8,11f4e9faacdc36e8,map model nn (trained through 2026-09-06),13581,Xi Lai Gaming,D,0.06598,0.01209,0.00258,0.00058
2026-09-28T21:47:56+00:00,2026-09-27T07:35:00,8,11f4e9faacdc36e8,map model nn (trained through 2026-09-06),120,100 Thieves,A,0.91691,0.62931,0.4025,0.24359
2026-09-28T21:47:56+00:00,2026-09-27T07:35:00,8,11f4e9faacdc36e8,map model nn (trained through 2026-09-06),6961,LOUD,B,0.91659,0.6229,0.38318,0.22078
2026-09-28T21:47:56+00:00,2026-09-27T07:35:00,8,11f4e9faacdc36e8,map model nn (trained through 2026-09-06),1034,NRG,D,0.8612,0.56243,0.34253,0.19343
2026-09-28T21:47:56+00:00,2026-09-27T07:35:00,8,11f4e9faacdc36e8,map model nn (trained through 2026-09-06),11058,G2 Esports,C,0.83408,0.45007,0.22347,0.10412
2026-09-28T21:47:56+00:00,2026-09-27T07:35:00,8,11f4e9faacdc36e8,map model nn (trained through 2026-09-06),8877,Karmine Corp,D,0.80714,0.44993,0.22251,0.09955
2026-09-28T21:47:56+00:00,2026-09-27T07:35:00,8,11f4e9faacdc36e8,map model nn (trained through 2026-09-06),624,Paper Rex,C,0.73054,0.27383,0.09483,0.03061
2026-09-28T21:47:56+00:00,2026-09-27T07:35:00,8,11f4e9faacdc36e8,map model nn (trained through 2026-09-06),2059,Team Vitality,B,0.68989,0.24563,0.08135,0.02559
2026-09-28T21:47:56+00:00,2026-09-27T07:35:00,8,11f4e9faacdc36e8,map model nn (trained through 2026-09-06),1184,FUT Esports,A,0.67113,0.23247,0.07316,0.02213
2026-09-28T21:47:56+00:00,2026-09-27T07:35:00,8,11f4e9faacdc36e8,map model nn (trained through 2026-09-06),11060,Nongshim RedForce,D,0.26573,0.1089,0.04067,0.01604
2026-09-28T21:47:56+00:00,2026-09-27T07:35:00,8,11f4e9faacdc36e8,map model nn (trained through 2026-09-06),474,Team Liquid,C,0.29751,0.11414,0.03986,0.0148
2026-09-28T21:47:56+00:00,2026-09-27T07:35:00,8,11f4e9faacdc36e8,map model nn (trained through 2026-09-06),14,T1,A,0.30083,0.11622,0.04103,0.01369
2026-09-28T21:47:56+00:00,2026-09-27T07:35:00,8,11f4e9faacdc36e8,map model nn (trained through 2026-09-06),918,Global Esports,B,0.30222,0.10405,0.03369,0.01018
2026-09-28T21:47:56+00:00,2026-09-27T07:35:00,8,11f4e9faacdc36e8,map model nn (trained through 2026-09-06),731,TYLOO,C,0.13787,0.03753,0.00989,0.00291
2026-09-28T21:47:56+00:00,2026-09-27T07:35:00,8,11f4e9faacdc36e8,map model nn (trained through 2026-09-06),13576,JD Gaming,A,0.11113,0.02297,0.00509,0.00119
2026-09-28T21:47:56+00:00,2026-09-27T07:35:00,8,11f4e9faacdc36e8,map model nn (trained through 2026-09-06),1120,EDward Gaming,B,0.0913,0.01721,0.0035,0.00077
2026-09-28T21:47:56+00:00,2026-09-27T07:35:00,8,11f4e9faacdc36e8,map model nn (trained through 2026-09-06),13581,Xi Lai Gaming,D,0.06593,0.01241,0.00274,0.00062
2026-09-29T20:39:03+00:00,2026-09-29T08:30:00,10,ba331259c118cd5b,map model nn (trained through 2026-09-06),120,100 Thieves,A,0.91678,0.64665,0.42147,0.25288
2026-09-29T20:39:03+00:00,2026-09-29T08:30:00,10,ba331259c118cd5b,map model nn (trained through 2026-09-06),1034,NRG,D,1.0,0.68475,0.44198,0.25143
2026-09-29T20:39:03+00:00,2026-09-29T08:30:00,10,ba331259c118cd5b,map model nn (trained through 2026-09-06),6961,LOUD,B,0.91411,0.61145,0.36952,0.20795
2026-09-29T20:39:03+00:00,2026-09-29T08:30:00,10,ba331259c118cd5b,map model nn (trained through 2026-09-06),11058,G2 Esports,C,0.60928,0.30399,0.13797,0.06527
2026-09-29T20:39:03+00:00,2026-09-29T08:30:00,10,ba331259c118cd5b,map model nn (trained through 2026-09-06),8877,Karmine Corp,D,0.63113,0.30821,0.13223,0.05759
2026-09-29T20:39:03+00:00,2026-09-29T08:30:00,10,ba331259c118cd5b,map model nn (trained through 2026-09-06),624,Paper Rex,C,1.0,0.41996,0.15796,0.05279
2026-09-29T20:39:03+00:00,2026-09-29T08:30:00,10,ba331259c118cd5b,map model nn (trained through 2026-09-06),2059,Team Vitality,B,0.68505,0.24236,0.08032,0.02543
2026-09-29T20:39:03+00:00,2026-09-29T08:30:00,10,ba331259c118cd5b,map model nn (trained through 2026-09-06),1184,FUT Esports,A,0.66629,0.23499,0.0746,0.02291
2026-09-29T20:39:03+00:00,2026-09-29T08:30:00,10,ba331259c118cd5b,map model nn (trained through 2026-09-06),11060,Nongshim RedForce,D,0.30023,0.12455,0.04693,0.0188
2026-09-29T20:39:03+00:00,2026-09-29T08:30:00,10,ba331259c118cd5b,map model nn (trained through 2026-09-06),14,T1,A,0.30598,0.12454,0.04518,0.01558
2026-09-29T20:39:03+00:00,2026-09-29T08:30:00,10,ba331259c118cd5b,map model nn (trained through 2026-09-06),474,Team Liquid,C,0.25559,0.09975,0.03512,0.01262
2026-09-29T20:39:03+00:00,2026-09-29T08:30:00,10,ba331259c118cd5b,map model nn (trained through 2026-09-06),918,Global Esports,B,0.30949,0.10818,0.03541,0.01109
2026-09-29T20:39:03+00:00,2026-09-29T08:30:00,10,ba331259c118cd5b,map model nn (trained through 2026-09-06),731,TYLOO,C,0.13513,0.03737,0.00982,0.00293
2026-09-29T20:39:03+00:00,2026-09-29T08:30:00,10,ba331259c118cd5b,map model nn (trained through 2026-09-06),13576,JD Gaming,A,0.11095,0.02311,0.00506,0.00123
2026-09-29T20:39:03+00:00,2026-09-29T08:30:00,10,ba331259c118cd5b,map model nn (trained through 2026-09-06),1120,EDward Gaming,B,0.09135,0.01693,0.00352,0.00081
2026-09-29T20:39:03+00:00,2026-09-29T08:30:00,10,ba331259c118cd5b,map model nn (trained through 2026-09-06),13581,Xi Lai Gaming,D,0.06864,0.01321,0.00291,0.00069
2026-09-30T20:42:53+00:00,2026-09-30T07:55:00,12,4cee8a4113d88b02,map model nn (trained through 2026-09-06),120,100 Thieves,A,1.0,0.76807,0.56523,0.37656
2026-09-30T20:42:53+00:00,2026-09-30T07:55:00,12,4cee8a4113d88b02,map model nn (trained through 2026-09-06),1034,NRG,D,1.0,0.67079,0.42624,0.23054
2026-09-30T20:42:53+00:00,2026-09-30T07:55:00,12,4cee8a4113d88b02,map model nn (trained through 2026-09-06),6961,LOUD,B,0.6693,0.37097,0.18683,0.08352
2026-09-30T20:42:53+00:00,2026-09-30T07:55:00,12,4cee8a4113d88b02,map model nn (trained through 2026-09-06),11058,G2 Esports,C,0.60133,0.3192,0.14823,0.06904
2026-09-30T20:42:53+00:00,2026-09-30T07:55:00,12,4cee8a4113d88b02,map model nn (trained through 2026-09-06),8877,Karmine Corp,D,0.64022,0.30691,0.13051,0.05878
2026-09-30T20:42:53+00:00,2026-09-30T07:55:00,12,4cee8a4113d88b02,map model nn (trained through 2026-09-06),624,Paper Rex,C,1.0,0.43636,0.1692,0.05628
2026-09-30T20:42:53+00:00,2026-09-30T07:55:00,12,4cee8a4113d88b02,map model nn (trained through 2026-09-06),2059,Team Vitality,B,1.0,0.39022,0.12949,0.04523
2026-09-30T20:42:53+00:00,2026-09-30T07:55:00,12,4cee8a4113d88b02,map model nn (trained through 2026-09-06),14,T1,A,0.35407,0.14277,0.05201,0.0173
2026-09-30T20:42:53+00:00,2026-09-30T07:55:00,12,4cee8a4113d88b02,map model nn (trained through 2026-09-06),11060,Nongshim RedForce,D,0.29126,0.11507,0.04217,0.01707
2026-09-30T20:42:53+00:00,2026-09-30T07:55:00,12,4cee8a4113d88b02,map model nn (trained through 2026-09-06),1184,FUT Esports,A,0.51698,0.17938,0.05557,0.01605
2026-09-30T20:42:53+00:00,2026-09-30T07:55:00,12,4cee8a4113d88b02,map model nn (trained through 2026-09-06),474,Team Liquid,C,0.26359,0.11392,0.04099,0.01443
2026-09-30T20:42:53+00:00,2026-09-30T07:55:00,12,4cee8a4113d88b02,map model nn (trained through 2026-09-06),918,Global Esports,B,0.24922,0.09284,0.03196,0.00966
2026-09-30T20:42:53+00:00,2026-09-30T07:55:00,12,4cee8a4113d88b02,map model nn (trained through 2026-09-06),731,TYLOO,C,0.13508,0.03937,0.01028,0.00291
2026-09-30T20:42:53+00:00,2026-09-30T07:55:00,12,4cee8a4113d88b02,map model nn (trained through 2026-09-06),13576,JD Gaming,A,0.12895,0.02633,0.0056,0.00139
2026-09-30T20:42:53+00:00,2026-09-30T07:55:00,12,4cee8a4113d88b02,map model nn (trained through 2026-09-06),1120,EDward Gaming,B,0.08148,0.01581,0.00325,0.00064
2026-09-30T20:42:53+00:00,2026-09-30T07:55:00,12,4cee8a4113d88b02,map model nn (trained through 2026-09-06),13581,Xi Lai Gaming,D,0.06852,0.01199,0.00244,0.0006
2026-10-01T20:56:57+00:00,2026-10-01T08:05:00,14,77e7628d38b95dd5,map model nn (trained through 2026-09-06),120,100 Thieves,A,1.0,0.76471,0.56065,0.3736
2026-10-01T20:56:57+00:00,2026-10-01T08:05:00,14,77e7628d38b95dd5,map model nn (trained through 2026-09-06),1034,NRG,D,1.0,0.66842,0.42334,0.22913
2026-10-01T20:56:57+00:00,2026-10-01T08:05:00,14,77e7628d38b95dd5,map model nn (trained through 2026-09-06),6961,LOUD,B,0.66682,0.36727,0.18473,0.08284
2026-10-01T20:56:57+00:00,2026-10-01T08:05:00,14,77e7628d38b95dd5,map model nn (trained through 2026-09-06),11058,G2 Esports,C,0.57766,0.30527,0.14175,0.06618
2026-10-01T20:56:57+00:00,2026-10-01T08:05:00,14,77e7628d38b95dd5,map model nn (trained through 2026-09-06),624,Paper Rex,C,1.0,0.43863,0.17251,0.05795
2026-10-01T20:56:57+00:00,2026-10-01T08:05:00,14,77e7628d38b95dd5,map model nn (trained through 2026-09-06),8877,Karmine Corp,D,0.55321,0.2581,0.10694,0.04764
2026-10-01T20:56:57+00:00,2026-10-01T08:05:00,14,77e7628d38b95dd5,map model nn (trained through 2026-09-06),2059,Team Vitality,B,1.0,0.36885,0.11909,0.04094
2026-10-01T20:56:57+00:00,2026-10-01T08:05:00,14,77e7628d38b95dd5,map model nn (trained through 2026-09-06),11060,Nongshim RedForce,D,0.44679,0.18824,0.07383,0.03126
2026-10-01T20:56:57+00:00,2026-10-01T08:05:00,14,77e7628d38b95dd5,map model nn (trained through 2026-09-06),474,Team Liquid,C,0.42234,0.18816,0.07039,0.02562
2026-10-01T20:56:57+00:00,2026-10-01T08:05:00,14,77e7628d38b95dd5,map model nn (trained through 2026-09-06),14,T1,A,0.36007,0.14551,0.05341,0.01802
2026-10-01T20:56:57+00:00,2026-10-01T08:05:00,14,77e7628d38b95dd5,map model nn (trained through 2026-09-06),1184,FUT Esports,A,0.51107,0.17114,0.05187,0.01481
2026-10-01T20:56:57+00:00,2026-10-01T08:05:00,14,77e7628d38b95dd5,map model nn (trained through 2026-09-06),918,Global Esports,B,0.25185,0.09432,0.03278,0.01002
2026-10-01T20:56:57+00:00,2026-10-01T08:05:00,14,77e7628d38b95dd5,map model nn (trained through 2026-09-06),13576,JD Gaming,A,0.12886,0.02593,0.00552,0.00136
2026-10-01T20:56:57+00:00,2026-10-01T08:05:00,14,77e7628d38b95dd5,map model nn (trained through 2026-09-06),1120,EDward Gaming,B,0.08133,0.01545,0.00319,0.00063
2026-10-01T20:56:57+00:00,2026-10-01T08:05:00,14,77e7628d38b95dd5,map model nn (trained through 2026-09-06),731,TYLOO,C,0.0,0.0,0.0,0.0
2026-10-01T20:56:57+00:00,2026-10-01T08:05:00,14,77e7628d38b95dd5,map model nn (trained through 2026-09-06),13581,Xi Lai Gaming,D,0.0,0.0,0.0,0.0
2026-10-02T20:36:08+00:00,2026-10-02T07:00:00,16,1377f82db64efe20,map model nn (trained through 2026-09-06),120,100 Thieves,A,1.0,0.76421,0.56148,0.37518
2026-10-02T20:36:08+00:00,2026-10-02T07:00:00,16,1377f82db64efe20,map model nn (trained through 2026-09-06),1034,NRG,D,1.0,0.66055,0.41624,0.22544
2026-10-02T20:36:08+00:00,2026-10-02T07:00:00,16,1377f82db64efe20,map model nn (trained through 2026-09-06),6961,LOUD,B,0.61692,0.33851,0.17033,0.07646
2026-10-02T20:36:08+00:00,2026-10-02T07:00:00,16,1377f82db64efe20,map model nn (trained through 2026-09-06),11058,G2 Esports,C,0.57744,0.30429,0.14192,0.06665
2026-10-02T20:36:08+00:00,2026-10-02T07:00:00,16,1377f82db64efe20,map model nn (trained through 2026-09-06),624,Paper Rex,C,1.0,0.41702,0.16004,0.05313
2026-10-02T20:36:08+00:00,2026-10-02T07:00:00,16,1377f82db64efe20,map model nn (trained through 2026-09-06),8877,Karmine Corp,D,0.5613,0.26008,0.10817,0.04829
2026-10-02T20:36:08+00:00,2026-10-02T07:00:00,16,1377f82db64efe20,map model nn (trained through 2026-09-06),2059,Team Vitality,B,1.0,0.36575,0.11878,0.04087
2026-10-02T20:36:08+00:00,2026-10-02T07:00:00,16,1377f82db64efe20,map model nn (trained through 2026-09-06),11060,Nongshim RedForce,D,0.4387,0.17866,0.06897,0.02869
2026-10-02T20:36:08+00:00,2026-10-02T07:00:00,16,1377f82db64efe20,map model nn (trained through 2026-09-06),14,T1,A,0.54685,0.21957,0.08,0.02727
2026-10-02T20:36:08+00:00,2026-10-02T07:00:00,16,1377f82db64efe20,map model nn (trained through 2026-09-06),474,Team Liquid,C,0.42256,0.1865,0.06987,0.02572
2026-10-02T20:36:08+00:00,2026-10-02T07:00:00,16,1377f82db64efe20,map model nn (trained through 2026-09-06),918,Global Esports,B,0.38308,0.15384,0.05803,0.0191
2026-10-02T20:36:08+00:00,2026-10-02T07:00:00,16,1377f82db64efe20,map model nn (trained through 2026-09-06),1184,FUT Esports,A,0.45315,0.15102,0.04617,0.0132
2026-10-02T20:36:08+00:00,2026-10-02T07:00:00,16,1377f82db64efe20,map model nn (trained through 2026-09-06),731,TYLOO,C,0.0,0.0,0.0,0.0
2026-10-02T20:36:08+00:00,2026-10-02T07:00:00,16,1377f82db64efe20,map model nn (trained through 2026-09-06),1120,EDward Gaming,B,0.0,0.0,0.0,0.0
2026-10-02T20:36:08+00:00,2026-10-02T07:00:00,16,1377f82db64efe20,map model nn (trained through 2026-09-06),13576,JD Gaming,A,0.0,0.0,0.0,0.0
2026-10-02T20:36:08+00:00,2026-10-02T07:00:00,16,1377f82db64efe20,map model nn (trained through 2026-09-06),13581,Xi Lai Gaming,D,0.0,0.0,0.0,0.0
2026-10-03T19:09:43+00:00,2026-10-03T07:30:00,18,3d1d4824e8d6dc5e,map model nn (trained through 2026-09-06),120,100 Thieves,A,1.0,0.75261,0.53541,0.35257
2026-10-03T19:09:43+00:00,2026-10-03T07:30:00,18,3d1d4824e8d6dc5e,map model nn (trained through 2026-09-06),1034,NRG,D,1.0,0.65145,0.40253,0.21294
2026-10-03T19:09:43+00:00,2026-10-03T07:30:00,18,3d1d4824e8d6dc5e,map model nn (trained through 2026-09-06),11058,G2 Esports,C,1.0,0.57088,0.28934,0.14304
2026-10-03T19:09:43+00:00,2026-10-03T07:30:00,18,3d1d4824e8d6dc5e,map model nn (trained through 2026-09-06),6961,LOUD,B,0.61528,0.33238,0.16634,0.07426
2026-10-03T19:09:43+00:00,2026-10-03T07:30:00,18,3d1d4824e8d6dc5e,map model nn (trained through 2026-09-06),11060,Nongshim RedForce,D,1.0,0.43518,0.16837,0.0727
2026-10-03T19:09:43+00:00,2026-10-03T07:30:00,18,3d1d4824e8d6dc5e,map model nn (trained through 2026-09-06),624,Paper Rex,C,1.0,0.43219,0.16899,0.05726
2026-10-03T19:09:43+00:00,2026-10-03T07:30:00,18,3d1d4824e8d6dc5e,map model nn (trained through 2026-09-06),14,T1,A,0.59626,0.24198,0.088,0.03016
2026-10-03T19:09:43+00:00,2026-10-03T07:30:00,18,3d1d4824e8d6dc5e,map model nn (trained through 2026-09-06),2059,Team Vitality,B,1.0,0.30865,0.08807,0.02788
2026-10-03T19:09:43+00:00,2026-10-03T07:30:00,18,3d1d4824e8d6dc5e,map model nn (trained through 2026-09-06),918,Global Esports,B,0.38472,0.1573,0.05994,0.0203
2026-10-03T19:09:43+00:00,2026-10-03T07:30:00,18,3d1d4824e8d6dc5e,map model nn (trained through 2026-09-06),1184,FUT Esports,A,0.40374,0.11738,0.03301,0.00889
2026-10-03T19:09:43+00:00,2026-10-03T07:30:00,18,3d1d4824e8d6dc5e,map model nn (trained through 2026-09-06),474,Team Liquid,C,0.0,0.0,0.0,0.0
2026-10-03T19:09:43+00:00,2026-10-03T07:30:00,18,3d1d4824e8d6dc5e,map model nn (trained through 2026-09-06),731,TYLOO,C,0.0,0.0,0.0,0.0
2026-10-03T19:09:43+00:00,2026-10-03T07:30:00,18,3d1d4824e8d6dc5e,map model nn (trained through 2026-09-06),1120,EDward Gaming,B,0.0,0.0,0.0,0.0
2026-10-03T19:09:43+00:00,2026-10-03T07:30:00,18,3d1d4824e8d6dc5e,map model nn (trained through 2026-09-06),8877,Karmine Corp,D,0.0,0.0,0.0,0.0
2026-10-03T19:09:43+00:00,2026-10-03T07:30:00,18,3d1d4824e8d6dc5e,map model nn (trained through 2026-09-06),13576,JD Gaming,A,0.0,0.0,0.0,0.0
2026-10-03T19:09:43+00:00,2026-10-03T07:30:00,18,3d1d4824e8d6dc5e,map model nn (trained through 2026-09-06),13581,Xi Lai Gaming,D,0.0,0.0,0.0,0.0
2026-10-04T19:25:08+00:00,2026-10-04T07:25:00,20,fdcddaf02cc57156,map model nn (trained through 2026-09-06),120,100 Thieves,A,1.0,0.74654,0.52992,0.3436
2026-10-04T19:25:08+00:00,2026-10-04T07:25:00,20,fdcddaf02cc57156,map model nn (trained through 2026-09-06),1034,NRG,D,1.0,0.61577,0.36243,0.19126
2026-10-04T19:25:08+00:00,2026-10-04T07:25:00,20,fdcddaf02cc57156,map model nn (trained through 2026-09-06),6961,LOUD,B,1.0,0.59118,0.32488,0.15791
2026-10-04T19:25:08+00:00,2026-10-04T07:25:00,20,fdcddaf02cc57156,map model nn (trained through 2026-09-06),11058,G2 Esports,C,1.0,0.55624,0.27625,0.13127
2026-10-04T19:25:08+00:00,2026-10-04T07:25:00,20,fdcddaf02cc57156,map model nn (trained through 2026-09-06),11060,Nongshim RedForce,D,1.0,0.41043,0.14809,0.05927
2026-10-04T19:25:08+00:00,2026-10-04T07:25:00,20,fdcddaf02cc57156,map model nn (trained through 2026-09-06),14,T1,A,1.0,0.39966,0.14039,0.04748
2026-10-04T19:25:08+00:00,2026-10-04T07:25:00,20,fdcddaf02cc57156,map model nn (trained through 2026-09-06),624,Paper Rex,C,1.0,0.38615,0.13592,0.04416
2026-10-04T19:25:08+00:00,2026-10-04T07:25:00,20,fdcddaf02cc57156,map model nn (trained through 2026-09-06),2059,Team Vitality,B,1.0,0.29403,0.08212,0.02505
2026-10-04T19:25:08+00:00,2026-10-04T07:25:00,20,fdcddaf02cc57156,map model nn (trained through 2026-09-06),474,Team Liquid,C,0.0,0.0,0.0,0.0
2026-10-04T19:25:08+00:00,2026-10-04T07:25:00,20,fdcddaf02cc57156,map model nn (trained through 2026-09-06),731,TYLOO,C,0.0,0.0,0.0,0.0
2026-10-04T19:25:08+00:00,2026-10-04T07:25:00,20,fdcddaf02cc57156,map model nn (trained through 2026-09-06),918,Global Esports,B,0.0,0.0,0.0,0.0
2026-10-04T19:25:08+00:00,2026-10-04T07:25:00,20,fdcddaf02cc57156,map model nn (trained through 2026-09-06),1120,EDward Gaming,B,0.0,0.0,0.0,0.0
2026-10-04T19:25:08+00:00,2026-10-04T07:25:00,20,fdcddaf02cc57156,map model nn (trained through 2026-09-06),1184,FUT Esports,A,0.0,0.0,0.0,0.0
2026-10-04T19:25:08+00:00,2026-10-04T07:25:00,20,fdcddaf02cc57156,map model nn (trained through 2026-09-06),8877,Karmine Corp,D,0.0,0.0,0.0,0.0
2026-10-04T19:25:08+00:00,2026-10-04T07:25:00,20,fdcddaf02cc57156,map model nn (trained through 2026-09-06),13576,JD Gaming,A,0.0,0.0,0.0,0.0
2026-10-04T19:25:08+00:00,2026-10-04T07:25:00,20,fdcddaf02cc57156,map model nn (trained through 2026-09-06),13581,Xi Lai Gaming,D,0.0,0.0,0.0,0.0
